story,story_id,aditya_empathy_human,aditya_surprise_human,aditya_engagement_human,aditya_complexity_human,aditya_coherence_human,aditya_fluency_human,empathy_llama3.1,surprise_llama3.1,engagement_llama3.1,complexity_llama3.1,coherence_llama3.1,fluency_llama3.1,empathy_gpt4o,surprise_gpt4o,engagement_gpt4o,complexity_gpt4o,coherence_gpt4o,fluency_gpt4o,kole_empathy_human,kole_surprise_human,kole_engagement_human,kole_complexity_human,kole_coherence_human,kole_fluency_human,dev_empathy_human,dev_surprise_human,dev_engagement_human,dev_complexity_human,dev_coherence_human,dev_fluency_human
"Noah, a self-proclaimed 'king of the playground', lounged on a bench outside school, eyes fixed on his mates in heated huddle. Across from him, the imposing form of Rizvi towered over their diminutive goalkeeper, whose bright orange gloves looked comically out of place among the rest of the mismatched kit. Next to the goalie stood Zaid, frantically trying to assemble what appeared to be a homemade jerry can-sized contraption for what seemed to be their football practice.

The lunch break arrived, and Noah saw an opportunity to claim his rightful title as the king of the playground's pitch. He snuck up behind Rizvi's makeshift football - actually just a water-stained cardboard box wrapped in soggy packing tape - as the lanky Southpaw strode into the centre circle. With calculated deliberation, Rizvi coiled, then unleashed the offending box in a magnificent corner shot. To everyone's horror and delight, Noah leapt to deflect the projectile but miscalculated spectacularly, landing on his bottom with an embarrassed thud as the box clattered innocuously across the field into nearby bushes, followed by stunned silence, Zaid's fit of uncontrollable giggles, and the slow build-up of chaos that usually ensued when these three played together.

The ball came careening towards Rizvi, courtesy of a beautifully botched backpass from Noah. Panicked and stumbling, Rizvi leapt skywards - actually, his elbows - but managed to conjure some manner of clearance. And somehow it sailed directly at Mr Johnson's office window. Miraculously unbroken by the reverberating crash of shattered glass, Zaid scrambled forward as he beheld something resembling hope on their usually clueless teacher. With 1 second remaining in extra-time and Zaid standing open-mouthed behind Rizvi like an offering to some bizarre athletic deity, Mr Johnson blithely pointed down the middle with his megaphone as time elapsed and pandemonium erupted on all sides; yet this time it seemed almost - dare Noah believe? - triumphant.",Story_1,3,1,3,4,3,4,4,5,4,3,5,5,4,4,5,4,5,5,3,2,3,4,3,4,3,3.5,3.5,4,3,4
"Henry's eyes gazed out the window as the sounds of bustling city life created a constant din behind him. He sipped his lukewarm tea, his thoughts drifting to quieter times, before a young artist moved into the apartment above his, introducing an almost-deafening symphony of hammering and banjo practice into his daily routine. At seventy-five, Henry was accustomed to solitude but never thought it'd come in such abrupt forms - silence now filled the gaps where her melodies once were, an unsettling quietude he'd yet to learn to enjoy again. 

Henry slammed his fist on the counter, startled by his own sudden outburst. The cacophony of chaos from upstairs receded, temporarily, allowing him to regain some composure. As he surveyed the aftermath – a tea splatter on the walls, a dent in the kitchen island – a note tacked onto the refrigerator caught his attention. "" Sorry for the ruckus,"" it read. Below it was scribbled: ""We've had quiet complaints too, grandpa."" Henry raised an eyebrow. This girl knew exactly which buttons to push, it seemed. And that infuriated him all over again. 

One day, as he listened to the young artist's band practicing their most piercing renditions below, Henry couldn't resist joining in on an impromptu tap dance, spoiling for battle, yet secretly amused by the commotion. But just as they began playing ""Chopsticks"", Henry faltered mid-step, laughing. His grand-kid-inspired scathing notes on her art projects now made sense – she had indeed turned him into an old hippie, if not quite a ballerino. For a moment, silence held, the apartment was filled with smiles instead of sound waves; that moment turned him onto his quiet days, he accepted as companion - one Henry's rediscovery brought harmony where none before existed, then let the cacophony start again for they played another beat - but not before offering tea on his kitchen. ",Story_2,4,3,2,3,4,4,5,4,5,3,5,5,5,3,5,5,5,5,3,3,3,3,3,4,3.5,3.5,4,3.5,4,4
"Granny Clara Jenkins adjusted her shades and watched from the bench as the park erupted into chaos. Her granddaughter's playful dog, Duke, was in a standoff with Whiskers, the feisty tom cat from next door. ""Those two,"" she muttered to herself, ""always up for an adventure."" With a sly smile, she pushed off the bench, careful not to wobble too much on her walker, and ambled towards the mayhem. What trouble were Duke and Whiskers cooking up now? The old granny couldn't help but feel a twinge of excitement, despite her creaky joints. 

The pair's frolicking intensified as Granny Clara approached. Duke, his tongue lolling, leapt after Whiskers, who deftly dodged his jaws before landing a solid swat on the nose with her paw. The dog yelped, retreating with his tail between his legs. Whiskers seized the moment to take centre stage, rubbing against a tree as if claiming ownership. Duke returned, determined, only to trip over his own paws and tumble into a nearby picnic blanket, causing its contents to spill out in a colourful heap. The humans scattered, muttering ""bless its heart,"" as Granny Clara chuckled at the show, shaking her head good-naturedly. 

Just as it seemed Duke had been bested, Whiskers took an unexpected tumble, tumbling down a grassy hill on his dignity. The dog's ears perked up; he seized the opportunity, bounding after the stunned feline. To everyone's surprise, however, Duke simply picked Whiskers up gently in his jaws and set him back down on solid ground, wagging his tail as if to say, ""Truce?"" The cat gazed at Duke, a newfound respect shining in his eyes, before allowing himself to be lavished with pets. As the unlikely duo collapsed onto the grass together, Granny Clara leaned on her walker, shaking her head and grinning: ""Guess that's the makings of a beautiful friendship."" ",Story_3,2,3,2,3,3,4,5,4,5,3,5,5,4,3,4,3,5,5,2,3,3,3,3,4,3.5,3,4,3,3.5,4
"Henry puffed on his pipe as he sat behind the wheel of his prized Lamborghini Murciélago. At seventy-seven, he'd never driven so fast in his life - nor, arguably, ever had much use for it. He'd acquired the car on a whim after retirement, just to ""shake things up."" But on the quiet roads near his rural home, it mostly served as a gentle exercise vehicle and conversation starter. Today, though, Henry had grown restless with age. As he steered the sleek sports car onto the Autobahn, the wind rushing past in an impish whisper, he couldn't shake the feeling of a life yet to be lived - or perhaps unlived - just beneath his tweed jacket. 

The thrill of open-road velocity still coursed through his veins, Henry careened the Lamborghini around yet another hairpin bend. His cackling laugh merged with the wail of the V12 engine as he matched speed with an oncoming trailer, its tail lights blinking mockingly like a chorus of warning fireflies. With the tarmac uncoiling beneath him in endless possibility, Henry momentarily forgot that age has less to do with reflexes than judgment – a crucial difference when closing in on the hundred mark and approaching an invisible exit...which wasn't invisible at all, actually. The world abruptly compressed to a scream of scraping metal, screeching tires, and his teeth. 

Miraculously, the Lamborghini slumped to the side of the autobahn, a mere dent and some scorched paint marring its elegance. Henry stumbled out, coughing dust from his lungs as he gazed at the trail of flattened guardrail in the opposite lane. A truck driver climbed down from his vehicle, inspecting Henry's damaged fender with an amused cluck before saying, ""Sir, perhaps you should take this off your bucket list."" Henry winced – more, it seemed, for the driver's wit than his own bruised hip or slightly-scratched Lamborghini. His dignity battered, but spirit not broken, Henry let a slow smile creep onto his weathered face as he began to assess damage. ",Story_4,2,3,4,2,3,5,4,5,5,3,5,5,4,4,4,4,4,5,3,4,4,3,4,4,4,3.5,4,3,4,4
"The lights of Manhattan's concrete jungle cast a glittering backdrop as Maria DeVille strode down 5th Avenue, phone glued to her ear as she gave a hasty directive to her assistant back in the city's elite security firm. She glanced at her Rolex: a charity gala on Wall Street was minutes from kicking off. Tonight's guest list boasted an impressive Who's Who of NYC's A-list - and she was hosting. Little did anyone suspect that beyond this sweltering summer evening, a stealthier foe than fashion critic Emily Thompson lurked, preparing to shake the city to its foundations: alien eyes, focused intently on the Statue of Liberty, twinkled like tiny pinpricks of curiosity from orbit 12 miles above.

A sleek spaceship descended from the darkness, illuminating the night sky with an eerie glow. As if triggered by some unspoken cosmic signal, its beam homed in on the Statue of Liberty's crown. A shower of molten metal exploded upwards, threatening to sever Lady Liberty's iconic head from her body. Amidst chaos and screams, Maria snapped into emergency protocol, sprinting down Fifth Avenue to rally a desperate counterattack - her high-heeled Louboutins clattering off shattered glass. Who better to defend their home than the grande dame of Manhattan's social scene? She spotted the ship: 'Looks like I'll be trading martinis for missiles,' Maria quipped.

With each detonating rocket, the once-vibrant Manhattan dissolved into ruin. Lady Liberty's decapitated body now sprawled on Liberty Island, surrounded by flames that consumed the nearby docks. Maria watched as skyscrapers crumbled around her - ""Fancy cocktails with an apocalyptic view, I suppose."" A sudden tremor jolted the pavement from beneath her feet; a colossal behemoth emerged, the city-shaping monolith that had birthed these space invadors. In a flash of diabolical whimsy, it turned to Maria and asked: ""And where's your martini? Your galaxy needs saving?"" The fate of New York - nay, the universe itself - teetered on this witty quip alone. ",Story_5,2,4,2,3,3,4,3,5,4,2,4,5,3,5,4,4,4,4,3,4,2,3,3,4,3,4,3.5,3.5,3,4
"Sofia hopped out of bed and began getting ready for school. She twirled the tie of her worn-out slippers and tucked her curly hair behind one ear. Her stomach growled, a signal it was almost breakfast time, her favorite part of the day after her early morning chores. While her mom was distracted by a loud noise from the living room, Sofia grabbed her prized possession - a battered Polaroid of herself taken years ago, at a theme park visit she couldn't quite recall but somehow remembered every single smile. She felt an unsettling tingling on the back of her neck, and shivered.

I'd be happy to continue the story! However, I don't have a starting point. Could you provide some context or previous paragraphs so I can build upon that?

That being said, here's a possible second act/confrontation:

As Lex flipped through Isabella's secret sketchbook, her eyes widened in surprise. Who would've thought their sweet, art-less best friend had a hidden talent for macabre illustration? A scene of their dorm's cafeteria exploded off the page – with its walls running red and the once-welcoming staff cackling maniacally.

""What are you staring at, Lex?"" Isabella chimed in from the doorway, concern etched on her face. Lex feigned innocence. ""Oh, just some doodles..."" Isabella stepped closer, eyeing the sketchbook. ""Give me that!"" she snatched, a hint of desperation in her voice.

As the snow swirled outside, Jack's estranged sister, Emily, knocked on his door, seeking refuge from the storm. For years, they'd avoided each other after their messy family split. Now, Emily had one request: she needed help retrieving an old box from the cabin where their parents had stored her favorite childhood heirloom. Inside was more than just a necklace - it was memories they'd shared, memories he'd hidden.

As they fought to clear the drifted path to the cabin, emotions surfaced beneath the driving snowflakes. Hand in hand, Jack and Emily waded through drifts and dust to finally close their chapter of secrets. Together, under the swirling vortex, their bond, though damaged by the past, finally found its frozen release.

Their silence as they unearthed the buried past told more than any reconciliation could; in the midst of turmoil lay the first snowdrops – tentative hints of rebirth in what remained to come:",Story_6,3,4,3,2,3,4,4,3,5,3,4,5,4,2,3,3,3,4,3,2,3,3,3,4,3,2.5,3.5,3,3.5,4
"In a dimly lit cubicle, Ella's slender fingers flew across the keyboard, generating a whirlwind of 1s and 0s. But today was different – a sudden, unsettling digital blackout plunged her work station into darkness. The faint scent of burnt circuitry wafted through the air as the silence gathered. Outside, the bustle of the tech lab continued unchecked. A faint glow from under Ella's door danced across her sandals and wide-brimmed hat. With each tick of the countdown timer, she knew this meant trouble for her deadline, not to mention a small chance at something bigger.

As Luna delved deeper into the dusty recesses of the ruined server vault, her footsteps echoed off the crumbling walls. Suddenly, a faint light flickered to life in front of her - the bespectacled form of Edgar, the loquacious archivist.

""Fancy finding me here, Ms. Nexus,"" he said, his eyes glinting with curiosity. ""Or should I say, the Ghost in the Machine has found its spirit?""

Luna raised an eyebrow. ""Spirit? More like a malfunctioning echo chamber.""

Edgar chuckled. ""Ah, you're too literal for your own good. The real question is, what are you doing in this temple of ones and zeros?""

As the sun set on their restored metropolis, coders Jack and Jill surveyed their work. The ancient lines of code that once held it together had been revitalized. Their modernizing patch finally compiled.

However, an unexpected consequence became clear: every outdated framework was still active. Buildings, long silent, began to whir back online, reactivated by their restoration. Power outlets glowed red, signaling potential electrical overloads. A nearby abandoned datacenter, once on the verge of deletion, sprang back into operational existence. Chaos descended as code went wild.

""What have we unleashed?"" Jack and Jill cried out in dismay.",Story_7,2,3,2,3,3,4,4,5,5,3,4,4,4,4,4,5,4,4,2,2,2,3,3,4,3,3.5,3,3.5,3.5,4
"The ocean's tide washed over the weathered rocks as young Sofia stood at the edge of the shore, peering into the murky waters below. A beachcomber at heart, she searched for treasures discarded by the waves. As she explored a nearby cave, a stray ray of sunlight illuminated a tangle of sea-scarred shells and ancient wood on the rocky floor. Unperturbed by her family's disinterest in such things, Sofia delved into this treasure trove, collecting strange fragments that sparked her imagination. And it was there, nestled between an eroded oyster shell and a shard of obsidian, that she first heard... a whispered secret from beneath the waves.

As I ascended, bubbles dancing above my helmet, I felt a strange connection to the whispers. Dr. Lee's cryptic warning echoed in my mind - ""Echoes are just warnings of your own perception"". But what did it mean? The voices seemed so real... until I broke the surface and spotted my expedition mate, Tony, sneering at me with an infuriated grin.

""Kaelin, we're running low on supplies. Cut our exploration short or everyone starves!"" Tony accused, brandishing his radio like a whip. His betrayal left me stunned - but those eerie echoes swelled louder now. Had Dr. Lee warned us of a trap... or had I discovered the truth about this desolate world all along?

Act I:
Zara, a brilliant astrobiologist, intercepted an unusual signal from the long-abandoned research station on Mars. As she decrypted the messages, her eyes widened with alarm.

Act II:
The encrypted data hinted at an extraordinary discovery that upended the understanding of Martian life and evolution. As news spread like wildfire across the scientific community, theories swirled, speculations raged, and conspiracy theorists thronged online forums. 

Act III:
And then, as a massive robotic assembly platform pierced the dusty atmosphere on Mars' equator, a loud rumbling boomed outward – announcing a gargantuan worm unearthed beneath ancient bedrock surfaces had begun rising towards human populated worlds",Story_8,4,3,3,4,3,5,4,5,4,3,4,5,5,5,5,5,5,5,3,3,2,4,3,4,3,3.5,3,4,3.5,4
"In the faded facades of old Azsar, where crumbling buildings seemed to whisper ancient secrets, ten-year-old Sofia's ears picked up on a whispered tune. It drifted through narrow alleys, woven into the city's intricate weave like a threadbare carpet. As she navigated these twisting streets, her curious gaze swept over weathered storefronts and rusty iron balconies, searching for its source. Her mother had often told tales of hidden musicians who brought magic to life with their instruments – was it possible one was here now, creating a melody only the wind could hear?

She twisted the lock, but it wouldn't budge. The melody seeped from beneath the door, now laced with desperation and frustration. A faint smile crossed Mira's lips as she spotted a minuscule gap between the wall and the baseboard. With some effort, she managed to squeeze her slim frame into the narrow opening. Inside, music sheets scattered across the floor like abandoned secrets. A single word scrawled on the whiteboard stood out: ""Elegy."" Suddenly, Mira was face-to-face with a brooding violinist, their instrument slung low against his thigh as he turned to regard her – and for a moment, all that was silent was the faintest hesitation before his voice growled, ""What are you doing here?""

In ""Melodic Dawn"", an unlikely pair – Luna, a former piano virtuoso turned vagrant, and Zephyr, a rebellious saxophonist – formed a duo on city streets. Together they filled alleys with jazz, attracting an enigmatic composer, Echo.

Echo, obsessed with completing a long-lost symphony hidden within street noise, revealed she'd been tracking the missing pieces across years. At dawn's light, as the cities came to life, Luna and Zephyr finished Echo's final fragment: the whispered murmur of traffic, child's laughter, and church bell echoes blended into harmony.

Echo stepped forward, overwhelmed – and finally found what had been her 'symphony all along'",Story_9,4,3,4,3,3,4,4,3,5,2,5,4,5,4,5,4,5,5,3,3,2,3,3,4,3.5,3.5,3,4,3.5,4
"Noah scoured the edge of the Mars colony delta, kicking up dust devils with each restless step. The faded signs creaking in the Martian wind served as a grim reminder: New Eden Colony - 5 Years Later; Where Humanity Fails To Adapt. At fifteen, Noah had given up on dreams of making it in the crumbling community. Instead, he survived on scavenged supplies and dubious tech-splashes on his tablet. But today's task – locating rare geode minerals to salvage – might be just the distraction he needed from Dad's constant ""find something real, kiddo"" mantra echoing in his head.

As Engineer Patel poured over the ancient, dust-covered blueprints, her team gathered around in stunned silence. ""What kind of symbols are these?"" one colleague asked, pointing to an alien alphabet scrawled across a section labeled ""Warp Coils"". Patel's eyes narrowed – this couldn't be. She turned to face Dr. Zhang, their department head, who'd grown uneasy himself. ""Don't you think we've gotten enough from your so-called 'abandoned construction project', Sir?"" she shot back. The tension escalated, with some of her colleagues gasping as Zhang calmly extracted a file from his jacket pocket: ""We weren't the ones who called this place abandoned...""

As Sophia cycled through the device's options, her mind flashed back to her grandfather's tales of infinite possibilities. She chose "" Transdimensional Alignment"" with a shaking hand. A bright flash consumed her lab as dimensions blended together.

Her companion, Henry, materialized alongside her. Their hands still grasped in a timeless dance from their first date eons ago. Confusion etched his face until understanding sparked: they now existed on every planet simultaneously, living the infinite variations of every love story.

Henry whispered, eyes awestruck: ""What does this mean?"" Sophia's grin held both fear and elation: it means we have forever to explore every happily ever after.",Story_10,3,4,3,3,4,4,4,5,4,3,4,5,4,5,4,4,4,5,2,3,3,3,2,4,3,3,4,3.5,3,4
"Henry trudged through the dense forest, his worn boots crunching on dry leaves. A gust of wind whipped his cap askew, and he pushed it back into place with a gnarled hand. ""Afternoon to me, then,"" he said aloud, though there was no one to answer. Years ago, he'd left the village for these woods, searching for peace from life's trials. Time had thinned him down, like autumn leaves. His mind wandered, memories stirring as they often did in solitude – memories of lost love, cherished friends now dust and ash.

As Lila stepped through the ancient circle, she felt memories burst forth like wisps of steam on a winter's morn. Whispered secrets of past love and war echoed off the stone surfaces, tempting her to stay and savor each forgotten moment.

But the rogue officer from town had followed, his gruff face creasing with suspicion. ""Lila Thompson, what've you got cooking in that troubled head o' yours?"" He spotted the glowing stones and crossed arms over his chest. ""Don't tell me, don't tell me, whatever's stirring behind them pretty blue eyes has gotten her into some more trouble...""

Here is the revised ending:

**The Last Goodbye**

Tom sat on the couch, surrounded by old trinkets and mementos, yet somehow felt more lost than ever. A letter lay crumpled beside him – from Sarah. He remembered fragments: her words, her touch... and then a strange gap where memories shouldn't be.

With tears welling up, Tom walked out into the evening fog, a whispered name in his ear – 'Tucker.' His own family had long ago forsaken this identity; but there he stood, the man who was nothing yet everything: a life unexplored. And in that eerie anonymity, something stung its awakening spark.

This small spark marked the moment where an existence was rebooted from blank.",Story_11,3,4,4,4,2,5,4,3,4,2,5,5,4,3,3,4,4,4,3,3,4,4,3,4,3,3.5,4,4,3,4
"Henry emerged from his armchair, rubbing the chill from his knees. As he stretched, a glimmer of dusk settled over the village, casting long shadows behind the cottages. He'd grown accustomed to the peaceful rhythms of his daily life: afternoons spent playing dominoes at the local café and evenings curled with a book by the fire. But with each passing sunset, something peculiar began to happen – letters would arrive, bearing postmarks from days Henry knew nothing about. Crisp paper crackling beneath the mailman's hand, letters written in hands both familiar and strange.

I still had it in me to wonder how this ordinary-looking suburban husband and father became an expert safe-cracker, all while hiding his dual lives from everyone.

It turns out the husband I saw through the window wasn't the one cracking safes; he was the real target. He had inherited a wealth of compromising photos taken by his own imposter – photos revealing everything. Now they wanted him dead.

This poor sap was stuck living not one, but two versions of himself. A cat-and-mouse game began: the husband played cat while his lookalike double lived an extraordinary life – until now when everything had come undone for both.

He opened the dusty envelope labeled ""E"". Inside, the last page of her handwritten journals lay revealed. Tears blurred his eyes as he read the cryptic final sentence: ""The orphan's father is not who he thinks.""

Shock propelled him from his chair. A cold realization washed over him. The photographs, the voice, it was all a lie? He recalled every childhood conversation, his whole identity dismantled. Questions and answers scrambled together like leaves in autumn gusts.

He stared blankly at her writing: ""Tell me if this be truth..."" His mouth agape, he began to grasp a world without truth or past.",Story_12,2,3,2,3,3,4,4,5,4,5,4,5,5,4,4,5,5,5,2,2,3,3,3,4,3,3,3,4,3.5,4
"In the gleaming towers of Celestia, Maria Navarro gazed out over the sprawling city as stars disappeared from the night sky like so many snuffed candles. The fabric of reality was unraveling, thread by twinkling thread. Rumors whispered of the return of the Star Keepers, mystical beings who had maintained balance and harmony among the cosmos since ancient times. Their power had faded, however, allowing rogue entities to desecrate the firmament. With an unspoken sense of responsibility, Maria stepped forward from the obscurity of her city official position into a new and perilous role – leader of the fledgling resistance to reclaim the star-studded night.

As I strolled through the hidden gardens of Argentum, the soft rustle of petals beneath my feet masked the stealthy sounds of training. I was being watched, by a set of curious eyes peeking from behind an azalea bush. Eitan, the notorious young rebel, raised his eyebrows at the sight of me brandishing a daggershaped astrolabe and muttering coordinates to myself. ""So, this is what happens when celestial magic meets parkour?"" he drawled. My face reddened with offense; little did I know, Eitan was no stranger to cartographic art himself, making his true motives far more intriguing than mere pranks...

As the moon hid its face, Emma fumbled for her emergency lantern in her backpack. But it was there that she found something else – an old treasure map given to her by a eccentric aunt on one of their many camping trips together. The faded parchment guided her hand to press against the intricate tree symbol at the edge, releasing a beam of warm light. As if awakened from a dream, Emma illuminated her way through the forest with her aunt's trusty lantern relit – a new guide had just found its course, her path marked with newfound confidence.",Story_13,3,4,2,4,4,5,3,4,5,4,4,4,4,5,5,5,5,5,3,3,2,3,3,4,3,4,3.5,3.5,3,4
"Henry puffed on his pipe, gazing out the village square as the sun began to set. It was another ordinary day in Ashwood - the villagers going about their daily routines, seemingly unaffected by anything beyond their present moment. No one lingered on past events, nor showed concern for tomorrow's uncertainties. In fact, conversation typically dwindled when it ventured beyond the immediate need for a cup of tea or repair to the church bell tower.

Meanwhile, in Henry's weathered hand, a well-worn journal slipped silently out from between the crevices of his tweed jacket...

As Emily ventured deeper, she stumbled upon a door she swore wasn't there before. It creaked open to reveal a narrow staircase descending into darkness. With trepidation, she descended into the basement.

Shelves stretched like skeletons, holding rows of peculiar containers labeled ""Memory #456,"" ""Unremembered Pastimes."" On each container rested a whispering balloon, softly recalling forgotten birthdays, missed deadlines, and dusty library books left unchecked. Emily spotted her childhood piano lessons on a nearby shelf. As she touched it, memories of sticky fingers and half-remembered scales flooded back. Suddenly, an air duct collapsed behind her, entombing her amidst unrelenting nostalgia.

As Emma penned her last journal entry, the words spilled out like liquid magic. She confessed to mistakes she'd never dare share with others. Regrets piled on regrets until a singular, seismic revelation: what-ifs should have been mights all along. A soft whisper filled the air, then expanded into a roaring force: reality reshaped itself before her eyes. Old sorrows and ancient triumphs unwove themselves from existence as fresh opportunities unfurled. When the haze dissipated, Emma's world rebooted. She stepped into an altered life, armed with lessons gleaned from the erasure of all else.",Story_14,3,4,4,4,2,5,4,5,4,3,4,5,4,4,4,4,5,5,3,4,3,3,3,4,4,4,3,3.5,3,4
"Detective Kate Martin stepped into the precinct, already feeling like this case would be one for the books. A peculiar request lay before her: identify the remains of a murder victim. As she scanned the cold metal table, Sofia stood frozen beside it - a young witness too curious to contain herself. Her big brown eyes widened as Kate approached, her hazel eyes locking onto hers with an unspoken trust. The killer had taken something no thief could - but as the coroner zipped open the body bag, revealing Sofia's doppelganger face within... Kate's instincts shifted.

Lena spun on her heel, following the echoes of her suspect's maniacal laughter as they careened through the warehouse of reflective glass. She burst into another mirrored room, gun drawn, only to find herself face-to-face with her own frantic self, mimicked ad infinitum.

""Honey, you're chasing a ghost!"" Lena yelled at her echo selves. ""It's me you're running from – your fear of not solving this case!""

The reflections jeered, growing more and more distorted until Lena's gaze cracked like a broken mirror, shattering the spell of deception. With renewed purpose, she pressed onward into the labyrinth of glassy illusions.

As Emily's investigation unfolded, she followed every lead, from suspecting her coworker's hidden motives to exploring her family's dark secrets. The case files piling up, but no break came. Desperate, she pored over cryptic notes, pouring tea, then, in a haze, the words on one paper stuck out: ""the true enemy sleeps inside you"". She gasped, as memories converged, confronting what she'd tried to conceal. She remembered a tragic night five years ago and its survivor – her repressed doppelganger who craved justice but could no longer be ignored. This other Emily killed herself that fateful night...",Story_15,4,2,3,4,2,4,4,5,4,3,4,4,4,5,4,5,5,5,3,3,2,3,2,4,3.5,4,3,4,3.5,4
"Noah rubbed the sleep from his eyes as he trudged down the sidewalk, headphones tangled around his neck. He'd forgotten to take them off before dozing off on the couch during a marathon gaming session with his friends. The familiar streets of suburbia blurred together - rows of tidy houses, manicured lawns, and the hum of screens inside each dwelling. As he turned the corner onto Elm Street, static crackled through the headphones' speaker. The digital chaos startled him awake. On-screen icons swirled and realigned on his gaming buddy's display. A jarring thought hit him: was this... interference?

With fingers flying across her cyberdeck, Zephyr's eyes lit up as she finally breached the encryption on the broadcast spell. But instead of basking in its magical glow, a holographic projection coalesced before her, scowling in irritation.

""So you're the one who thinks they can steal from us?"" growled a towering figure, voice like thunder in the shadows. His staff, inscribed with symbols that hummed with arcane power, seemed to pulse with annoyance.

""Uh...who am I supposed to be apologizing for exactly?"" Zephyr deadpanned, unimpressed by his display of magic-waving theatrics. The technomage's tone suggested she had a good reason for poking holes in the establishment, and this confrontation was only getting interesting.

As she uploaded her final consciousness into the digital realm, Luna laughed maniacally as the virtual cities whirred to life around her. She had created a reboot of Earth 2.0, infusing every fiber-optic nerve with sorcery that wove reality itself. Cities bloomed from crystal cores, levitating gardens danced above glass pavements, and algorithms harmonized with lunar frequencies.

The once-sleepy mainframes roared awake, manifesting ethereal manifestations: whispering trees with glowing hearts, starlight sculpted to defy physics, and wisps of shadow summoned for solace. With every upgrade, her virtual avatar gained substance, illuminating new facets in a reflectionless labyrinth she controlled – reboot, evolve, perfect – only Luna's next self had begun to fade.",Story_16,3,4,4,4,2,5,3,4,4,5,5,5,3,4,4,4,4,5,2,3,3,3,2,5,3.5,3,3.5,4,3,4
"Granny Clara Jenkins sat in her armchair, puffing on her pipe as she watched the hustle and bustle outside her cozy little window box apartment. Her cat, Whiskers, lounged in her lap, tolerating her presence. ""Still can't believe I'm stuck with this pension,"" Granny Clara muttered to herself. ""If I was running the trains, like my George used to do back at the railways..."" Suddenly, she straightened up, a faraway look glinting behind her spectacles. She scribbled some numbers on an old ticket stub and murmured, ""Of course. It would all make sense if it ran late...""

As the ship continued to careen out of control, Journalist Julia James grabbed the microphone and confronted Captain Blackheart.

""So, you're still denying involvement in my brother's disappearance?"" she demanded, eyes flashing with anger. The captain sneered at her from beneath his thick eyebrows. ""Ah, Julia James. Still trying to get a scoop. But this story's dead on arrival.""

""You know nothing,"" she snapped back, hand trembling on the mic stand. ""I'll expose your involvement one way or another.""

As they boarded the Time Train, Emilia whispered to Marcus, ""Who knows what secrets it holds?"" He shrugged, still wary of this last resort.

At the final stop, a blizzard swirled around them. As the doors creaked open, an old man with piercing eyes greeted them, revealing an enigmatic past: he was their son's future self, come to offer redemption.

""You both can turn back time and undo your choices,"" he said with a knowing smile. Emilia grasped Marcus' hand, a fierce decision in her eyes. As the wind died down, they leaned forward – poised to reframe not only their own fates but the very fabric of time itself.",Story_17,3,4,2,3,2,3,4,3,5,4,5,4,4,4,4,5,5,5,3,2,2,3,3,4,3.5,3,3,4,3.5,4
"Noah navigated the creaking mansion with ease, having explored every nook since the aged art patron's death six months prior. The flickering chandelier cast eerie shadows on the walls, yet none affected the peculiar aura surrounding Noah himself. Everywhere he looked, dust-covered masterpieces faded further with each passing day: a centuries-old Van Gogh slowly unraveling its vibrant blue tones; an unblemished Vermeer seeming to bleach in plain light; and ancient Chinese ceramics whose beauty began to wilt.

Still, the 15-year-old remained an exception— age-defying youth clung stubbornly around him, radiating as much warmth as the now-rusted fixtures that seemed hell-bent on losing their former vibrancy.

Professor Reginald swooned as Sophie stood confidently in front of her broken masterpiece, eyes flashing. The canvas, once a serene forest scene, now gaped open like a fresh wound. Students gasped in shock. ""What do you think, Professor?"" Sophie quipped. ""Do you still see beauty? Or are the jagged edges more accurate?"" Reginald's expression hardened, a scathing reply at the ready – but it faltered as he gazed into the depths of the fractured art, where his own insecurities stared back like a dark underpainting. The students held their breaths, witnessing a professor torn apart by Sophie's truth-bruising brushstroke.

As they strolled through the gallery's empty halls, Sophia gazed at the collection with newfound perspective. She whispered to Jake, ""It's all just pretentious posturing."" He nodded in agreement.

In front of a particular installation, a critic wrote fervently in his notebook, but stopped when he caught them eyeing him. He tucked the pad away, furtive as a common thief. This sudden concern with discretion left Jake unimpressed, confirming their hunch that all they were witnessing was a carefully crafted facade.

Sophia turned to face the critic: ""You should leave."" He glared before hastily disappearing behind a stack of velvet ropes. The pair exited, no longer enthralled by the art within, nor taken in by those around it.",Story_18,4,2,3,4,2,4,4,3,5,4,5,5,4,4,4,4,5,5,3,2,3,3,3,5,3,4,4,3.5,4,4
"Ella skipped through the crowded beachside market, dodging vendors selling everything from colorful shells to fragrant street food. Her carefree demeanor and infectious laughter caught the attention of many a passing tourist. To outsiders, Ella seemed the quintessential free spirit - a California girl at heart with a zest for life. However, in moments of quiet solitude, she had a confession to make: she was glued to local news reports featuring handsome and dashing fireman, Liam Ross. Her recurring nightmares began every time Liam leaped into the line of danger - with one certainty that gripped her like ice - she always managed to escape them just before impact.

Maddie stumbled upon the psychic shop on her worst week yet. Faye's garish tarot cards and cryptic mutterings drew her in like a magnet to iron filings. ""He wears midnight skin, haunted eyes,"" Faye said, hands swooping the air like ravens in flight. ""Danger lingers in the undertow.""

As Maddie walked away, her phone beeped with an unsent message: I saw you again. The name ""Lucas"" flickered beneath the digits, sending a chill through her chest. A frayed thread snapped free of Faye's spell; reality blurred, and visions spilled forward like water from a busted pipe – Faye in shrouded shadows, speaking of fire.

As the dark skies unleashed their fury, Jack and Emily stumbled out of their respective hiding spots, drenched and shivering. The streets were abandoned, except for one spot - where they locked eyes.

Their chance encounters over years blurred together: coffee shop, park bench, grocery store checkout. Now, with reality hanging by a thread, all past mistakes resurfaced.

""What if...?"" Emily started, as the first droplets turned to relentless downpour. Jack raised his arms to protect himself from the deluge. But he knew she meant what ""if"" would come next, once they let their secret world of chance encounters drown.

As they looked into each other's eyes, they saw not the people they thought were meant for them in real life but who each really needed... each other.

Without a word, Jack opened his umbrella and grabbed Emily's hand.",Story_19,3,3,4,3,4,5,4,5,5,3,4,5,4,3,3,3,4,4,4,3,4,3,3,4,4,3,4,4,4,4
"Henry stood before the crumbling lighthouse, his weathered frame bent with age but his gaze sparkling with curiosity. One hundred years since it had cast its light to sea - the tale whispered through the town's winding streets like a hushed secret. Legend said the keeper, an eccentric soul, was driven mad by a siren's song, abandoning his post and dooming the tower to darkness. The locals avoided the spot, citing ghostly apparitions and unexplained noises, but Henry was not one to be swayed by myth and superstition. He sniffed out mystery like a bloodhound on the scent, and this forgotten beacon seemed too enticing to ignore.

As the howling winds threatened to consume her, Ember dashed towards the eccentric old man's abode. She was taken aback by his unorthodox living arrangement - a hodgepodge of antique curiosities and precarious stacks of dusty books. He beckoned her closer, a mischievous glint in his eye. ""Ah, my new weather- weary friend,"" he chuckled, as the gusts shook his dwelling. Ember raised an eyebrow at his flimsy home's creaking doors and decided it was safer to brave his company than face another night on the beach. Little did she know, this quirky stranger harbored secrets far more tempestuous than any storm...

The keeper had warned him, but Arthur had been convinced he could stay in the mansion for one night, despite its reputation. As the sun dipped below the horizon, he grew restless. Suddenly, strange noises creaked and groaned from every direction.

With a shiver, he crept back to the foyer, searching for his escape route. The front door wouldn't budge; it was as if locked in place by unseen hands. That's when Arthur spotted him – the keeper standing with eyes like stone, having arrived just after midnight...and just before morning's light revealed the truth: no exit lay waiting outside the doors.",Story_20,3,2,2,4,3,4,4,3,5,3,4,5,5,4,4,5,5,5,2,3,2,3,3,4,3.5,3,3,3,2.5,4
"It was a sultry summer evening in Washington D.C., and Ella Thompson stepped off the train, the crisp scent of freshly sharpened pencils greeting her as she made her way to the cryptography office. As the government's newest recruit, her razor-sharp mind was primed for deciphering even the most impenetrable codes. A petite figure draped in a flowy sundress, sandals, and a wide-brimmed hat, Ella's bright smile lights up her heart-shaped face framed by cascading curls of chestnut hair. But as she took her place among the sea of serious-suited men, one curious glance suggested Ella might just hold more than codes inside that adorable package.

Max took a drag on his cigarette, blowing out a ring of smoke as he scanned the dimly lit jazz club. The saxophonist was in full swing, wailing through the chords like a mournful cry. Then, without missing a beat, he handed Max the note wrapped in invisible ink. It vanished as soon as Max's fingers closed around it.

He palmed the blank space and watched, incredulous, as a smile crept onto his face. A whisper in his ear - ""They're closing in on you"" - sent his mind racing with implications. Max excused himself from the barkeep's leery gaze and strode back to the entrance, ready to face whoever had followed him to the only safe house left: Madame Dupre's dusty little antique shop on Elm Street.

As Emma clicked away at the code on her laptop, Ryan muttered, ""We're solving world hunger next.""

Just as she was about to disagree, his phone beeped with an email. ""Ryan, can you read me this one?"" she asked, curiosity getting the better of her.

""It's a statement from our mayor... claiming he single-handedly discovered and contained the mysterious plant-based energy crisis last month,"" Ryan read. Emma gasped as Ryan connected the dots. ""That's the cover story! The conspiracy is about us exposing this hidden innovation. Someone's going to silence us.""

""Too late for that."" With one keystroke, their solution sent an alert across social media – ""Exposure coming live now""",Story_21,4,3,5,4,4,5,4,5,4,3,4,5,4,4,5,5,5,5,4,3,3,3,3,5,4,3.5,3,3.5,3,4
"As she navigated the endless dunes of Arridia's infamous Shadow Basin, Isabella cut an impossibly stark figure, one that seemed almost laughable in the context of the twisted realm. For here, where shadows should serve their owners as dark protectors and disguises, they did quite the opposite - growing thick, aggressive, and independent, mocking the desperate attempt to remain concealed.

She strode on with no such protection, stiletto heels sinking into the shifting sands as she navigated treacherous canyons and spindly rock formations. Her gaze pierced ahead, fueled by a stubborn determination: if she had to tread without shelter, at least let it be hers.

I walked away from the dingy shop, newly-printed contract clutched in hand. A smooth smile creased the face of Arkeos, my old friend now masquerading as his darker, new self. He vanished into smoke like last night's regrets.

Two nights passed before he returned. That charming voice cut through laughter from within The Shaded Spine tavern: ""Knew you couldn't resist, eh?"" Arkeos slid next to me at the bar. He flashed an unnervingly new silver tooth and a card fluttered between his fingers - a souvenir of his nocturnal commerce. My grip on my whiskey turned icy, our agreement weighing heavier than lead on these rough shoulders. What would happen if he came good on the debt – or defaulted?

**Third Act**

I had almost gotten used to being alone again when I started seeing it. A figure in my mirror, its presence a dark reflection of everything I thought I'd lost. I convinced myself it was just stress, just memories playing tricks on me.

But then, the shadow would vanish when no one else was around, and that's when the truth set in: I wasn't seeing a reflection at all. It had moved. Moved away from its human, because but the shadow that returns isn’t his.

A woman stood behind me, hand extended toward the spot where the dark silhouette had reformed itself into the image of my deceased ex. ""Who are you?""",Story_22,2,2,1,3,3,3,4,5,4,3,4,5,4,5,4,5,5,5,3,3,2,3,3,4,3,4,3.5,4,3,4
"As Maria stood on the dock, surveying the crowded marina, the smell of saltwater and grease filled the air. Below deck, shipwrights worked tirelessly to finish their masterpiece: the latest skyship to defy the changing tides. For decades, the world's oceans had been reclaiming its coasts, and now humans had adapted - some with innovative desperation, others with ingenious resilience. Amidst this upheaval, Maria watched as Captain Lyra secured her gear for departure. It was a day like any other, but rumors whispered of strange happenings beyond the shore...

As I banked my flying buggy towards the sprawling metropolis of Zaraa, our group's commander, Kaelin, growled over the comms system. ""Time to show them our mettle! Who gets to take down those turrets?""

My wingman, Ryker, raised an eyebrow at me before nodding enthusiastically. I winked at him as we veered into battle formation.

Kaelin led the charge against the heavily guarded Sky Harbor airfield. Turret after turret opened fire, forcing our rebels to weave between the deadly barrage. My engines strained as I yanked my bug up and over an incoming shell, barely avoiding destruction.

Then, Kaelin yelled over the chatter: ""Lose sight of him, kid! Someone's about to steal your air!"" A sly grins spread across Ryker's face. This wasn't looking good.

As the last drop of oxygen evaporated from the airlocked library, Maya knew her next move would decide human history's fate. With each drowning shelf a catastrophe to posterity, she dove forward into the void, her fins pumping frantically. Down through swirling darkness she dived, reaching out with outstretched hands. Finally, in her exhausted mind's eye, she envisioned an ancient codex bobbing upward.

Catching the volume just as it disappeared under the murk, Maya clawed back toward life. Coughing water from her lungs, she pulled herself into a waiting submersible as emergency beacons ignited the night. On board, Maya clutched her treasure: all knowledge not consumed by sea had survived to rebuild tomorrow.",Story_23,3,2,3,2,3,3,4,5,5,3,4,5,4,5,5,5,5,5,3,3,3,4,3,4,3,4,3.5,4,3,4
"In the city where seconds were stolen goods, minutes were outlawed substances, and hours were mythical creatures of the past, 15-year-old Jesse struggled to keep pace with his friends. His gangly frame was clad in worn jeans and an orange hoodie, his messy brown hair falling into his eyes as he ducked from alleys to backstreets, avoiding the timekeepers' patrolling helicopters. The city's constant silence, enforced by an intricate network of wristwatches that whispered warnings of non-compliance, was only disturbed by Jesse's peculiar ability - he could hear the ticking in every pause.

Kael's curiosity got the better of him as he peeked through the small workshop's doorway, revealing an aged master with wild white hair, still intricately working on a clock. But that was not the anomaly – his clients had reported decades, centuries, maybe even millennia of passing hours only for them to find him, looking no different.

As Kael approached the bench, he felt his feet being subtly swept into step behind. A hasty hand adjustment caught sight of its reflection and made eyes snap shut against scathing heat; they parted from the dark fabric, an iron-wood pattern still perfectly printed where before only air existed – then he spoke:

In the attic of Mrs. Whistlethorn's old mansion, Henry had always assumed that a dilapidated grandfather clock was forever stuck on perpetual silence. However, Emma's peculiar suggestion led him to twist its worn mechanisms, much like untangling knotted yarn. They stood amidst dust bunnies as its mechanical heartbeat stuttered back to life.

Time started unwinding anew: ticks regained clarity, gong chimes tolled clear morning song. In their renewed cadence, an hour became two years' leap; a year shrunk to fit between breakfast's crumbs and Emma's bright smile – each one felt timeless within. The Whistlethorns looked toward this strange sunrise together.",Story_24,3,4,2,3,3,2,4,5,4,5,5,5,5,5,5,5,5,5,3,2,2,3,2,4,3,3.5,3.5,3,3,4
"The platform creaked beneath the scuffed boots of Alexander as he clutched his battered backpack tight. With one last glance at the decaying quarantine zone beyond the metal gates, he spotted it - the final train to leave in months, maybe even years. As people jammed onto the train like animals fleeing a wildfire, he pushed and cursed through the chaos until he collapsed onto a bench seat near the back of a worn coach. Nearby, an assortment of rough-looking characters regarded him warily, each holding court as they rummaged through worn duffel bags for food, water, and what remained of humanity.

As we approached the airport exit, Dr. Zhang turned to me and whispered, ""You know why I brought that peculiar cargo on board, don't you?"" I raised an eyebrow. He grinned mischievously. ""One in five will not survive...my little secret to curing all ailments, for a price.""

A menacing henchman closed in. ""Hand it over, doctor!"" Zhang winked at me before ripping the mask from his face, revealing an odd glow. The agent recoiled as I instinctively took Zhang's arm. His cure wasn't medicine; he was radiating an invisible spectrum.

""What about our conversation? Do you not feel—?"" He chuckled before slipping away in chaos. I now bore a glowing arm; no telling when its frequency might align with another person. My newfound property marked me for danger, while I felt no immediate side effects myself. The medic escaped with an accomplice, but this cure could still get them all caught up...

The town of Peculiar Junction had grown weary of its erratic rail route. Trains careened past houses at odd hours, causing commotion among the residents. One resident, Emmet, an advocate for rational transportation, campaigned against the chaotic system.

In a landslide vote, 70% chose change over convenience. Engineers swiftly re-routed the track to prioritize late-night arrivals during weekends. No one had considered the benefits of silence during the chaos, and residents basked in peaceful Sunday nights as they would on Wednesdays. A town awakened from disquiet to quiet contentment with one simple shift.",Story_25,3,2,4,3,2,3,4,5,3,3,2,4,4,5,4,4,5,4,2,3,3,4,2,4,3,4,3.5,4,3,4
